{
  "original_prompt_length": 36567,
  "optimized_prompt_length": 5756,
  "original_scores": [
    0.30000000000000004,
    0.30000000000000004,
    0.30000000000000004,
    0.30000000000000004
  ],
  "optimized_scores": [
    0.5,
    0.5,
    0.5,
    0.5
  ],
  "original_average": 0.30000000000000004,
  "optimized_average": 0.5,
  "improvement": 0.19999999999999996
}